{
  "version": "v1.2",
  "generated_utc": "2026-02-02T12:55:09.973740Z",
  "upstreams": [
    {
      "vendor": "mapbox",
      "apis": [
        {
          "api": "Map.Tile.Fetch",
          "impl": "adapter.mapbox.tile.fetch",
          "endpoint": "mapbox://vector-tiles",
          "method": "GET",
          "scopes": [
            "map.read"
          ]
        },
        {
          "api": "Map.Dataset.Query",
          "impl": "adapter.mapbox.tilequery",
          "endpoint": "mapbox://tilequery",
          "method": "GET",
          "scopes": [
            "map.read"
          ]
        }
      ]
    },
    {
      "vendor": "github",
      "apis": [
        {
          "api": "Git.Auth.WhoAmI",
          "impl": "adapter.github.user.me",
          "endpoint": "github://user",
          "method": "GET",
          "scopes": [
            "repo.read"
          ]
        },
        {
          "api": "Git.Repo.Get",
          "impl": "adapter.github.repo.get",
          "endpoint": "github://repo/get",
          "method": "GET",
          "scopes": [
            "repo.read"
          ]
        },
        {
          "api": "Git.Repo.Sync",
          "impl": "adapter.github.repo.sync",
          "endpoint": "github://repo/sync",
          "method": "GET",
          "scopes": [
            "repo.read"
          ]
        },
        {
          "api": "Git.Branch.List",
          "impl": "adapter.github.branch.list",
          "endpoint": "github://branches",
          "method": "GET",
          "scopes": [
            "repo.read"
          ]
        },
        {
          "api": "Git.Commit.Get",
          "impl": "adapter.github.commit.get",
          "endpoint": "github://commits/get",
          "method": "GET",
          "scopes": [
            "repo.read"
          ]
        },
        {
          "api": "Git.PR.List",
          "impl": "adapter.github.pr.list",
          "endpoint": "github://pulls",
          "method": "GET",
          "scopes": [
            "repo.read"
          ]
        },
        {
          "api": "Git.PR.Get",
          "impl": "adapter.github.pr.get",
          "endpoint": "github://pulls/get",
          "method": "GET",
          "scopes": [
            "repo.read"
          ]
        },
        {
          "api": "Git.Issue.List",
          "impl": "adapter.github.issue.list",
          "endpoint": "github://issues",
          "method": "GET",
          "scopes": [
            "repo.read"
          ]
        },
        {
          "api": "Git.Release.List",
          "impl": "adapter.github.release.list",
          "endpoint": "github://releases",
          "method": "GET",
          "scopes": [
            "repo.read"
          ]
        },
        {
          "api": "Git.File.Get",
          "impl": "adapter.github.file.get",
          "endpoint": "github://contents/get",
          "method": "GET",
          "scopes": [
            "repo.read"
          ]
        }
      ]
    },
    {
      "vendor": "notion",
      "apis": [
        {
          "api": "Notion.User.Me",
          "impl": "adapter.notion.user.me",
          "endpoint": "notion://users/me",
          "method": "GET",
          "scopes": [
            "notion.read"
          ]
        },
        {
          "api": "Notion.Page.Fetch",
          "impl": "adapter.notion.page.fetch",
          "endpoint": "notion://page/get",
          "method": "GET",
          "scopes": [
            "notion.read"
          ]
        },
        {
          "api": "Notion.Page.Create",
          "impl": "adapter.notion.page.create",
          "endpoint": "notion://page/create",
          "method": "POST",
          "scopes": [
            "notion.write"
          ]
        },
        {
          "api": "Notion.Page.Update",
          "impl": "adapter.notion.page.update",
          "endpoint": "notion://page/update",
          "method": "PATCH",
          "scopes": [
            "notion.write"
          ]
        },
        {
          "api": "Notion.Page.Upsert",
          "impl": "adapter.notion.page.upsert",
          "endpoint": "notion://page/upsert",
          "method": "POST",
          "scopes": [
            "notion.write"
          ]
        },
        {
          "api": "Notion.Database.Fetch",
          "impl": "adapter.notion.db.fetch",
          "endpoint": "notion://database/get",
          "method": "GET",
          "scopes": [
            "notion.read"
          ]
        },
        {
          "api": "Notion.Database.Query",
          "impl": "adapter.notion.db.query",
          "endpoint": "notion://database/query",
          "method": "POST",
          "scopes": [
            "notion.read"
          ]
        },
        {
          "api": "Notion.Blocks.FetchChildren",
          "impl": "adapter.notion.blocks.children",
          "endpoint": "notion://blocks/children",
          "method": "GET",
          "scopes": [
            "notion.read"
          ]
        },
        {
          "api": "Notion.Blocks.AppendChildren",
          "impl": "adapter.notion.blocks.append",
          "endpoint": "notion://blocks/append",
          "method": "PATCH",
          "scopes": [
            "notion.write"
          ]
        },
        {
          "api": "Notion.Search",
          "impl": "adapter.notion.search",
          "endpoint": "notion://search",
          "method": "POST",
          "scopes": [
            "notion.read"
          ]
        }
      ]
    }
  ]
}