{
  "name": "mrliou-totalcore-unity",
  "version": "1.0.0",
  "description": "Mr.liou Total Core Unity - 總核心統一封包系統",
  "main": "TotalCore.Unity.v1.js",
  "type": "module",
  "scripts": {
    "start": "node demo_complete_return.js",
    "test": "node test_totalcore.js"
  },
  "keywords": [
    "origin-collapse",
    "persona",
    "quantum",
    "particle-language",
    "mrliou",
    "fltnz",
    "flpkg"
  ],
  "author": "Mr. Liou Yu Lin",
  "license": "MIT",
  "dependencies": {
    "@upstash/redis": "^1.34.3"
  },
  "engines": {
    "node": ">=18.0.0"
  },
  "repository": {
    "type": "git",
    "url": "https://github.com/mrliou/totalcore-unity"
  }
}
